index,Name,PlayerID,ERA,IP,CSW%
1,Cory Abbott,676265,0.00,1.0,25.0
2,Albert Abreu,656061,2.60,17.1,24.2
3,Bryan Abreu,650556,2.28,27.2,17.7
4,Domingo Acevedo,642758,3.41,34.1,21.5
5,Jason Adam,592094,1.47,30.2,28.7
6,Austin Adams,613534,0.00,2.1,30.0
7,Joan Adon,672851,6.97,60.2,25.6
8,Ehire Adrianza,501303,0.00,1.0,0.0
9,Keegan Akin,669211,2.35,46.0,34.7
10,Hanser Alberto,593643,4.50,2.0,0.0
11,Jorge Alcala,660896,0.00,2.1,30.8
12,Sandy Alcantara,645261,1.95,115.1,23.8
13,Jason Alexander,669920,3.82,30.2,24.1
14,Tyler Alexander,641302,5.75,20.1,28.3
15,Kolby Allard,663465,5.06,16.0,29.3
16,Cam Alldred,682027,0.00,1.0,37.5
17,Logan Allen,663531,5.87,7.2,24.3
18,Yency Almonte,622075,1.37,19.2,25.8
19,Jose Alvarado,621237,5.85,20.0,30.7
20,Jose Alvarez,501625,5.28,15.1,25.3
21,Ian Anderson,666120,5.31,76.1,24.2
22,Shaun Anderson,641312,18.00,1.0,66.7
23,Tyler Anderson,542881,3.23,78.0,27.0
24,Mark Appel,NaN,0.00,2.0,NaN
25,Victor Arano,644364,5.01,23.1,22.8
27,Chris Archer,502042,3.08,61.1,23.3
28,Shawn Armstrong,542888,5.59,19.1,27.2
29,Aaron Ashby,676879,4.25,55.0,29.2
30,Graham Ashcraft,668933,4.53,43.2,23.8
31,Willians Astudillo,553902,0.00,1.0,0.0
32,Pedro Avila,658648,4.50,4.0,20.6
33,Pedro Baez,520980,11.57,2.1,25.8
34,Bryan Baker,641329,4.73,32.1,28.7
35,Anthony Banda,607455,6.41,19.2,26.7
36,Tanner Banks,621383,3.56,30.1,30.9
37,Manny Banuelos,544365,2.16,8.1,26.5
38,Daniel Bard,453268,2.12,29.2,29.5
39,Luke Bard,572703,0.00,6.0,24.2
40,Luke Barker,673316,11.25,4.0,34.4
41,Joe Barlow,669618,2.84,25.1,29.8
42,Scott Barlow,605130,2.14,33.2,25.4
43,Jacob Barnes,606930,6.10,20.2,22.8
44,Matt Barnes,598264,7.94,17.0,27.8
45,Tucker Barnhart,571466,9.00,1.0,0.0
46,Kyle Barraclough,607457,3.00,9.0,27.6
47,Jaime Barria,642545,3.11,37.2,24.7
48,Anthony Bass,542914,1.74,31.0,25.3
49,Chris Bassitt,605135,4.01,89.2,31.6
50,Mike Baumann,657508,4.50,12.0,22.8
51,Félix Bautista,642585,1.50,30.0,24.8
53,Shane Baz,669358,3.38,18.2,23.7
54,Jeremy Beasley,676886,6.30,10.0,22.3
55,David Bednar,670280,2.50,36.0,28.9
56,Tyler Beede,595881,3.68,29.1,23.4
57,Jalen Beeks,656222,2.70,33.1,30.8
58,Andrew Bellatti,571479,3.65,24.2,23.0
59,Anthony Bender,669622,4.50,14.0,27.9
60,Jose Berrios,621244,5.86,78.1,26.7
61,Christian Bethancourt,542194,0.00,1.0,0.0
62,Phil Bickford,641360,4.88,24.0,26.5
63,Shane Bieber,669456,3.16,91.0,31.7
64,Brandon Bielak,656232,1.29,7.0,25.7
65,Jake Bird,656234,1.29,7.0,33.3
66,Ty Blach,621389,6.34,32.2,29.4
67,Paul Blackburn,621112,3.12,80.2,26.7
68,Ronel Blanco,669854,7.11,6.1,20.0
69,Richard Bleier,542947,5.59,19.1,21.8
70,Ronald Bolanos,671790,4.42,18.1,22.1
71,Ryan Borucki,621366,6.92,13.0,20.9
72,Brad Boxberger,502202,2.12,29.2,36.6
73,Kyle Bradish,680694,7.38,46.1,26.4
74,Archie Bradley,605151,4.82,18.2,32.1
75,Matt Brash,666374,7.65,20.0,27.4
76,Ryan Brasier,518489,4.30,29.1,25.2
77,John Brebbia,605154,2.78,32.1,29.1
79,Jake Brentz,641394,23.63,5.1,31.6
80,Austin Brice,592169,0.00,1.1,30.0
81,Beau Brieske,689225,4.55,63.1,21.5
82,Connor Brogdon,641401,2.04,17.2,31.7
83,Aaron Brooks,605156,7.71,9.1,29.3
84,Mike Brosseau,670712,0.00,1.0,0.0
85,JT Brubaker,664141,4.28,82.0,24.4
86,Justin Bruihl,677865,3.57,17.2,22.6
87,Kris Bubic,663460,7.45,38.2,23.8
88,Walker Buehler,621111,4.02,65.0,25.1
89,Madison Bumgarner,518516,3.63,79.1,24.8
90,Aaron Bummer,607481,3.06,17.2,31.9
91,Dylan Bundy,605164,4.71,65.0,22.3
92,Brock Burke,656271,1.23,36.2,31.2
93,Corbin Burnes,669203,2.41,93.1,33.3
94,Ryan Burr,621114,6.00,9.0,25.7
95,Matt Bush,456713,4.05,26.2,32.9
96,Edward Cabrera,665795,3.45,15.2,29.8
97,Genesis Cabrera,650893,2.27,31.2,22.6
98,Yennier Cano,666974,9.26,11.2,27.8
99,Drew Carlton,656290,2.70,6.2,25.0
100,Carlos Carrasco,471911,4.85,81.2,29.6
101,Daniel Castano,641447,2.57,21.0,23.3
102,Ryan Castellani,624418,0.00,2.2,18.2
103,Humberto Castellanos,528748,5.68,44.1,28.8
105,Diego Castillo,650895,4.82,28.0,23.5
106,Diego Castillo,660636,36.00,2.0,0.0
107,Luis Castillo,622491,3.32,57.0,27.1
108,Max Castillo,666721,3.60,5.0,38.6
109,Anthony Castro,621593,9.00,9.0,28.9
110,Harold Castro,605612,4.50,2.0,0.0
111,Kervin Castro,665645,27.00,1.2,16.0
112,Miguel Castro,612434,3.51,25.2,32.7
113,Dylan Cease,656302,2.56,81.0,26.5
114,Luis Cessa,570666,5.97,28.2,25.8
115,Jhoulys Chacin,468504,6.50,36.0,19.8
116,Andrew Chafin,605177,2.95,21.1,27.5
117,Aroldis Chapman,547973,3.86,14.0,29.8
118,j. t. Chargois,608638,0.00,0.2,0.0
119,Jesse Chavez,445926,2.87,31.1,35.0
120,Adam Cimber,643256,3.58,32.2,27.8
121,Steve Cishek,518553,4.94,31.0,25.1
122,Aaron Civale,650644,7.20,40.0,27.8
123,Taylor Clarke,664199,4.73,32.1,19.9
124,Emmanuel Clase,661403,1.35,33.1,25.5
125,Sam Clay,621348,10.38,4.1,30.5
126,Garrett Cleavinger,664076,3.38,2.2,14.3
127,Kody Clemens,665019,9.00,1.0,0.0
128,Ernie Clement,676391,18.00,1.0,0.0
129,Mike Clevinger,605182,2.79,29.0,30.3
131,Alex Cobb,502171,5.48,46.0,31.3
132,Gerrit Cole,543037,2.99,87.1,32.6
133,Dylan Coleman,669395,3.16,31.1,27.3
134,Alex Colome,517008,2.54,28.1,22.0
135,Roansy Contreras,672710,2.76,42.1,29.8
136,Patrick Corbin,571578,6.06,81.2,24.9
137,Nestor Cortes,641482,2.51,79.0,27.6
138,Jharel Cotton,605194,3.66,19.2,25.1
139,Danny Coulombe,543056,1.46,12.1,24.1
140,Jake Cousins,664776,4.50,8.0,34.4
141,Kutter Crawford,676710,6.41,19.2,27.0
142,Kyle Crick,605195,4.02,15.2,32.8
143,Nabil Crismatt,622503,1.93,37.1,29.3
144,Wil Crowe,640444,3.45,44.1,27.2
145,Jesus Cruz,672911,6.23,8.2,23.2
146,Jose Cuas,621016,2.25,12.0,25.6
147,Johnny Cueto,456501,3.33,54.0,24.3
148,Charlie Culberson,518586,0.00,1.0,0.0
149,Tyler Danish,641501,4.33,27.0,28.3
150,Yu Darvish,506433,3.26,88.1,32.5
151,Tucker Davidson,656353,6.46,15.1,22.3
152,Zach Davies,605200,3.94,80.0,28.8
153,Austin Davis,656354,2.45,29.1,22.8
154,Angel De Jesus,669804,0.00,2.0,27.8
155,Chase De Jong,608328,1.82,29.2,19.3
157,Enyel De Los Santos,660853,3.09,23.1,27.1
158,Yerry De Los Santos,660787,2.84,12.2,24.3
159,Anthony DeSclafani,543101,9.95,19.0,20.8
160,Reid Detmers,672282,4.66,58.0,23.8
161,Ross Detwiler,446321,4.91,11.0,29.2
162,Alexis Diaz,664747,2.40,30.0,27.0
163,Edwin Díaz,621242,2.08,30.1,34.1
164,Jhonathan Diaz,646242,2.93,15.1,23.7
165,Phillip Diehl,670426,11.12,5.2,25.8
166,Jake Diekman,518617,3.12,26.0,31.7
167,Marcos Diplan,650959,1.59,5.2,22.2
168,Seranthony Dominguez,622554,1.63,27.2,27.7
169,Sean Doolittle,448281,0.00,5.1,34.1
170,Camilo Doval,666808,2.97,33.1,22.8
171,Daniel Duarte,650960,10.13,2.2,20.0
172,Tyler Duffey,608648,4.64,33.0,30.0
173,Robert Dugger,667498,6.48,8.1,27.5
174,Dane Dunning,641540,4.09,88.0,31.8
175,Jhoan Duran,661395,2.06,35.0,28.8
176,Carl Edwards,605218,3.21,28.0,27.0
177,Scott Effross,664123,2.81,32.0,31.1
178,Zach Eflin,621107,4.37,68.0,26.1
179,Jerad Eickhoff,595191,20.77,4.1,21.1
180,Bryce Elder,693821,4.74,19.0,20.2
181,Roenis Elias,606273,3.52,7.2,16.3
183,Chris Ellis,595939,10.38,4.1,21.1
184,Nathan Eovaldi,543135,3.16,68.1,27.3
185,Robbie Erlin,572362,9.00,2.0,12.5
186,Paolo Espino,502179,2.80,45.0,24.9
187,Anderson Espinoza,659262,4.50,4.0,25.0
188,Carlos Estevez,608032,5.11,24.2,20.8
189,Alex Faedo,656412,4.84,48.1,26.1
190,Bailey Falter,663559,4.50,20.0,26.8
191,Jeurys Familia,544727,5.13,26.1,32.5
192,Buck Farmer,571656,6.75,12.0,26.0
193,Calvin Faucher,676534,7.59,10.2,34.1
194,Erick Fedde,607200,4.40,73.2,23.8
195,Ryan Feltner,663372,6.15,33.2,25.5
196,Caleb Ferguson,657571,0.00,5.0,27.7
197,Junior Fernandez,658551,0.00,8.1,30.8
198,Matthew Festa,670036,4.35,20.2,35.8
199,J. P. Feyereisen,656420,0.00,24.1,32.7
200,Kyle Finnegan,640448,4.20,30.0,29.2
201,Jack Flaherty,656427,5.63,8.0,20.2
202,Josh Fleming,676596,6.38,18.1,29.8
203,Aaron Fletcher,667465,9.35,8.2,29.6
204,Chris Flexen,623167,4.32,83.1,22.5
205,Dylan Floro,571670,4.76,17.0,26.2
206,Jason Foley,671345,2.81,25.2,29.7
207,Mike Ford,645801,18.00,1.0,0.0
209,Matt Foster,641582,5.10,30.0,27.6
210,Bowden Francis,670102,0.00,0.2,50.0
211,Kyle Freeland,607536,4.31,85.2,23.5
212,Luis Frias,666818,13.50,6.0,20.4
213,Max Fried,608331,2.77,94.1,22.5
214,Paul Fry,643316,6.23,13.0,37.7
215,Michael Fulmer,605242,1.91,28.1,29.0
216,Matt Gage,657424,0.87,10.1,26.8
217,Giovanny Gallegos,606149,3.00,30.0,24.8
218,Zac Gallen,668678,3.32,76.0,25.5
219,Jarlin Garcia,606424,2.36,26.2,26.4
220,Luis Garcia,472610,3.64,29.2,23.8
221,Luis Garcia,677651,3.54,76.1,26.6
222,Rico Garcia,670329,3.00,3.0,20.0
223,Rony Garcia,665621,4.28,48.1,26.3
224,Yimi Garcia,554340,3.42,26.1,23.7
225,Amir Garrett,607237,6.05,19.1,25.9
226,Braxton Garrett,666129,5.24,22.1,29.7
227,Reed Garrett,657585,1.80,5.0,22.1
228,Ralph Garza,621248,3.72,29.0,22.7
229,Kevin Gausman,592332,2.93,86.0,29.5
230,Ian Gibaut,664139,0.00,1.1,45.5
231,Kyle Gibson,502043,4.48,80.1,24.6
232,Luis Gil,661563,9.00,4.0,26.5
233,Logan Gilbert,669302,2.66,94.2,25.2
235,Tyler Gilbert,656457,7.88,16.0,27.0
236,Lucas Gilbreath,656458,4.29,21.0,27.1
237,Ken Giles,571704,0.00,3.0,16.7
238,Logan Gillaspie,670810,4.35,10.1,26.1
239,Lucas Giolito,608337,5.19,69.1,33.9
240,Mychal Givens,571710,3.68,29.1,27.4
241,Austin Gomber,596295,6.55,67.1,24.3
242,Tony Gonsolin,664062,1.58,74.0,26.5
243,Marco Gonzales,594835,3.31,81.2,19.3
244,Chi Chi Gonzalez,592346,7.20,15.0,29.1
245,Luis Gonzalez,114935,6.23,4.1,0.0
246,Nick Gordon,624503,0.00,1.0,0.0
247,MacKenzie Gore,669022,3.34,59.1,24.8
248,Anthony Gose,543238,3.10,20.1,23.3
249,Trevor Gott,641627,3.52,23.0,31.5
250,Ashton Goudeau,623485,7.08,20.1,21.8
251,Brusdar Graterol,660813,3.82,35.1,25.8
252,Kendall Graveman,608665,2.20,32.2,27.1
253,Jon Gray,592351,3.89,71.2,28.7
254,Josiah Gray,680686,3.82,75.1,22.5
255,Sonny Gray,543243,2.17,49.2,30.0
256,Chad Green,643338,3.00,15.0,26.8
257,Hunter Greene,668881,5.72,74.0,26.0
258,Shane Greene,572888,0.00,2.0,12.5
259,Zack Greinke,425844,4.38,63.2,29.4
261,Randal Grichuk,545341,0.00,1.0,0.0
262,Foster Griffin,656492,12.46,4.1,27.3
263,Justin Grimm,518748,4.11,15.1,21.9
264,Michael Grove,675627,5.79,4.2,14.0
265,Robert Gsellman,607229,4.70,15.1,23.5
266,Javy Guerra,642770,11.05,7.1,21.4
267,Jandel Gustave,594311,4.76,17.0,24.7
268,Vladimir Gutiérrez,661269,7.61,36.2,20.0
269,Josh Hader,623352,1.09,24.2,31.2
270,Jake Hager,606993,7.71,2.1,0.0
271,Ian Hamilton,641656,6.75,2.2,22.7
272,Brad Hand,543272,2.31,23.1,35.1
273,Josh Harrison,543281,18.00,1.0,0.0
274,Hunter Harvey,640451,0.00,2.2,27.0
275,Louis Head,545343,7.23,23.2,16.4
276,Andrew Heaney,571760,0.59,15.1,34.6
277,Taylor Hearn,621368,5.86,63.0,25.7
278,Jonathan Heasley,669169,5.20,45.0,24.4
279,Ryan Helsley,664854,0.88,30.2,26.8
280,Heath Hembree,592390,7.16,16.1,23.2
281,Kyle Hendricks,543294,4.76,81.1,28.3
282,Liam Hendriks,521230,2.81,25.2,30.3
283,Ryan Hendrix,641682,8.10,3.1,24.2
284,Sam Hentges,656529,2.33,27.0,27.5
285,Jimmy Herget,623474,3.72,36.1,25.1
287,Carlos Hernandez,672578,9.10,29.2,23.3
288,Elieser Hernandez,622694,6.75,48.0,26.0
289,Jordan Hicks,663855,5.02,28.2,21.0
290,Rich Hill,448179,4.09,66.0,31.5
291,Tim Hill,657612,4.66,19.1,26.2
292,Sean Hjelle,663546,4.50,4.0,22.7
293,Jeff Hoffman,656546,3.34,35.0,19.5
294,Colin Holderman,670059,3.18,11.1,33.6
295,Greg Holland,518813,7.71,4.2,33.3
296,Clay Holmes,605280,0.49,36.2,31.0
297,Tyler Holton,663947,0.00,3.0,29.2
298,Tanner Houck,656557,3.42,47.1,25.3
299,Adrian Houser,605288,4.72,76.1,24.0
300,Sam Howard,607572,9.00,2.0,25.8
301,Spencer Howard,675921,12.15,6.2,29.7
302,Dakota Hudson,641712,3.83,80.0,21.7
303,Daniel Hudson,543339,2.22,24.1,27.9
304,Brandon Hughes,676714,4.50,18.0,25.6
305,Tommy Hunter,488984,0.00,4.0,22.2
306,Drew Hutchison,571800,4.81,24.1,24.3
307,Raisel Iglesias,628452,3.62,27.1,30.2
308,Cole Irvin,608344,3.58,75.1,25.8
309,Zach Jackson,667427,3.64,29.2,25.2
310,Kenley Jansen,445276,3.58,32.2,32.5
311,Cristian Javier,664299,2.73,62.2,23.7
313,Griffin Jax,643377,2.65,37.1,29.1
314,Daulton Jefferies,641726,5.72,39.1,25.5
315,Dany Jimenez,666204,4.38,24.2,24.7
316,Joe Jimenez,641729,3.45,28.2,27.9
317,Pierce Johnson,572955,4.50,6.0,26.5
318,Damon Jones,676103,9.64,4.2,27.3
319,Jakob Junis,596001,2.63,48.0,33.3
320,Janson Junk,676083,0.00,1.0,33.3
321,Tommy Kahnle,592454,6.75,4.0,10.0
322,James Kaprielian,621076,5.88,52.0,20.0
323,Anthony Kay,641743,4.50,2.0,37.5
324,Brad Keller,641745,4.56,79.0,21.9
325,Mitch Keller,656605,5.14,70.0,25.0
326,Trevor Kelley,665001,6.88,17.0,30.0
327,Carson Kelly,608348,0.00,1.0,0.0
328,Joe Kelly,523260,8.38,9.2,35.7
329,Merrill Kelly,518876,3.64,84.0,25.5
330,Michael Kelly,547184,0.00,2.0,0.0
331,Ian Kennedy,453178,3.62,27.1,24.6
332,Ray Kerr,678061,5.79,4.2,18.5
333,Clayton Kershaw,477132,2.94,49.0,26.7
334,Dallas Keuchel,572971,7.93,36.1,26.4
335,Yusei Kikuchi,579328,4.74,62.2,26.3
336,Caleb Kilian,668873,10.32,11.1,20.3
337,Craig Kimbrel,518886,3.96,25.0,32.7
339,John King,667463,4.50,30.0,29.1
340,Mike King,650633,2.38,41.2,35.2
341,Tyler Kinley,641755,0.75,24.0,18.5
342,George Kirby,669923,4.08,53.0,28.0
343,Andrew Kittredge,552640,3.15,20.0,18.1
344,Corey Kluber,446372,3.45,73.0,29.7
345,Corey Knebel,608349,3.48,31.0,27.1
346,Reiss Knehr,663753,0.00,6.2,39.5
347,Dusten Knight,643400,1.59,5.2,24.4
348,Matt Koch,571863,8.31,4.1,26.5
349,Jared Koenig,657649,6.38,18.1,24.7
350,Adam Kolarek,592473,4.58,17.2,23.5
351,Michael Kopech,656629,2.78,68.0,29.8
352,Jackson Kowar,663804,9.45,6.2,31.7
353,Max Kranick,668820,0.00,5.0,10.0
354,Joey Krehbiel,607216,2.70,26.2,30.9
355,Dean Kremer,665152,1.29,28.0,25.7
356,Chad Kuhl,641771,3.49,77.1,24.7
357,Joel Kuhnel,669270,6.20,20.1,24.1
358,Travis Lakins,664042,9.58,10.1,26.8
359,Jimmy Lambert,669424,3.45,15.2,23.8
360,Dinelson Lamet,659275,9.72,8.1,24.6
361,Alex Lange,656638,2.22,28.1,19.7
362,Eric Lauer,641778,4.02,78.1,23.9
363,Casey Lawrence,596271,3.68,7.1,21.1
365,Justin Lawrence,664875,5.52,14.2,28.7
366,Jose Leclerc,600917,15.00,3.0,13.6
367,Dylan Lee,669276,1.13,16.0,24.5
368,Evan Lee,681885,4.15,8.2,16.3
369,Mark Leiter,117653,5.55,24.1,0.0
370,Jacob Lemoine,621082,7.71,16.1,27.7
371,Dominic Leone,608678,2.54,28.1,27.7
372,Matthew Liberatore,669461,4.00,18.0,18.6
373,Zack Littell,641793,4.97,29.0,30.4
374,Mauricio Llovera,661440,4.66,9.2,28.0
375,Jonathan Loaisiga,642528,7.02,16.2,26.5
376,Nick Lodolo,666157,5.52,14.2,30.4
377,Zach Logue,656657,5.47,24.2,23.3
378,Sam Long,669674,2.00,27.0,27.9
379,Jorge Lopez,605347,0.73,37.0,28.6
380,Pablo Lopez,641154,2.98,87.2,31.2
381,Reynaldo Lopez,625643,3.38,34.2,28.1
382,Yoan López,661255,4.05,6.2,13.3
383,Michael Lorenzen,547179,4.24,68.0,24.0
384,Aaron Loup,571901,4.33,27.0,29.5
385,Zac Lowther,675912,8.44,5.1,32.7
386,Lucas Luetge,476595,3.38,24.0,22.6
387,Seth Lugo,607625,3.68,29.1,30.5
388,Jesus Luzardo,666200,4.03,29.0,30.8
389,Jordan Lyles,543475,4.94,85.2,30.0
391,Daniel Lynch,663738,4.95,63.2,21.3
392,Lance Lynn,458681,6.19,16.0,30.9
393,Andres Machado,600921,4.67,27.0,24.8
394,Tyler Mahle,641816,4.53,87.1,31.3
395,Sean Manaea,640455,3.92,85.0,27.8
396,Matt Manning,666159,2.25,8.0,22.7
397,Alek Manoah,666201,2.09,94.2,29.6
398,Joe Mantiply,573009,1.24,29.0,37.5
399,Ron Marinaccio,676760,2.45,18.1,20.6
400,Parker Markel,571917,0.00,3.0,21.4
401,German Marquez,608566,5.89,84.0,20.1
402,Yunior Marte,628708,4.60,15.2,21.8
403,Brett Martin,656685,3.47,23.1,23.8
404,Chris Martin,455119,3.86,23.1,26.7
405,Corbin Martin,656686,4.40,14.1,23.0
406,Davis Martin,663436,4.29,21.0,25.5
407,Adrian Martinez,661309,6.30,10.0,21.6
408,Nick Martinez,607259,3.76,67.0,27.2
409,Seth Martinez,661527,1.02,17.2,25.3
410,Phil Maton,664208,3.77,31.0,23.5
411,Steven Matz,571927,6.03,37.1,30.6
412,Tyler Matzek,554431,5.06,10.2,26.1
413,Trevor May,543507,8.64,8.1,16.9
414,Mike Mayers,594577,5.40,16.2,20.8
415,Jack Mayfield,608686,0.00,1.0,0.0
417,Tim Mayza,641835,3.15,20.0,29.2
418,Chris Mazza,607391,11.81,5.1,21.2
419,Kirk McCarty,668948,10.29,7.0,29.7
420,Shane McClanahan,663556,1.77,91.1,29.8
421,T. J. McFarland,519008,7.43,26.2,22.3
422,Jake McGee,459429,6.98,19.1,22.1
423,Collin McHugh,543521,3.19,31.0,28.2
424,David McKay,641853,0.00,2.0,26.9
425,Triston McKenzie,663474,4.03,80.1,23.3
426,John Means,607644,3.38,8.0,12.3
427,Adonis Medina,658431,3.94,16.0,30.6
428,Trevor Megill,656730,2.08,13.0,26.7
429,Tylor Megill,656731,5.01,41.1,28.1
430,J. C. Mejia,650496,23.14,2.1,21.1
431,Mark Melancon,453343,5.47,26.1,24.9
432,Conner Menez,669214,0.00,1.0,27.3
433,Daniel Mengden,596043,2.08,4.1,39.0
434,Julian Merryweather,657240,6.38,18.1,22.1
435,Keynan Middleton,641871,3.86,4.2,27.0
436,Miles Mikolas,571945,2.57,94.2,26.2
437,Wade Miley,489119,2.84,19.0,25.0
438,Tyson Miller,668338,18.00,3.0,23.9
439,Alec Mills,621219,9.87,17.1,25.9
440,Wyatt Mills,670090,4.15,8.2,25.3
441,Hoby Milner,571948,2.05,30.2,26.2
443,Tommy Milone,543548,2.00,9.0,27.5
444,Juan Minaya,573668,8.53,6.1,38.2
445,Mike Minor,501985,7.71,25.2,24.3
446,A. J. Minter,621345,1.64,33.0,30.3
447,Anthony Misiewicz,664948,4.61,13.2,23.0
448,Casey Mize,663554,5.40,10.0,18.6
449,Yadier Molina,425877,18.00,2.0,16.7
450,Sam Moll,594580,2.45,22.0,31.0
451,Frankie Montas,593423,3.20,95.2,26.2
452,Rafael Montero,606160,1.76,30.2,28.8
453,Jordan Montgomery,656756,3.27,85.1,26.1
454,Matt Moore,519043,2.02,35.2,26.4
455,Francisco Morales,672839,0.00,3.0,21.4
456,Brian Moran,572383,54.00,0.1,0.0
457,Jovani Moran,663558,1.32,13.2,29.8
458,Adrián Morejón,670970,3.86,4.2,25.6
459,Dauri Moreta,664294,7.65,20.0,28.4
460,Eli Morgan,669212,2.75,36.0,29.8
461,Reyes Moronta,606625,2.08,13.0,21.3
462,Charlie Morton,450203,4.73,80.0,24.1
463,Kyle Muller,666205,23.63,2.2,17.6
464,Andres Munoz,662253,3.77,28.2,19.1
465,Penn Murfee,682171,1.76,30.2,22.5
466,Patrick Murphy,641907,6.35,5.2,17.0
467,Joe Musgrove,605397,2.25,92.0,30.7
469,Parker Mushinski,656786,4.26,6.1,36.5
470,Wil Myers,571976,18.00,1.0,0.0
471,James Naile,NaN,0.00,1.0,NaN
472,Tommy Nance,667297,6.16,19.0,30.3
473,Packy Naughton,676050,4.91,14.2,23.8
474,Kyle Nelson,669459,1.48,24.1,25.0
475,Nick Nelson,656793,4.66,36.2,25.3
476,Hector Neris,593576,3.62,32.1,33.4
477,Sheldon Neuse,641914,0.00,1.0,0.0
478,Sean Newcomb,656794,11.57,9.1,25.4
479,Stephen Nogosek,668665,0.71,12.2,26.0
480,Aaron Nola,605400,3.13,103.2,30.5
481,Daniel Norris,596057,7.24,27.1,31.8
482,James Norwood,656803,8.31,17.1,17.9
483,Riley O'Brien,676617,0.00,1.0,18.2
484,Darren O'Day,503285,4.58,17.2,26.2
485,Bailey Ober,641927,4.01,33.2,23.2
486,Jake Odorizzi,543606,3.13,31.2,24.9
487,Shohei Ohtani,660271,2.68,74.0,22.7
488,Steven Okert,595345,2.28,23.2,24.2
489,Adam Oller,670124,9.00,23.0,20.1
490,Oliver Ortega,661383,4.11,30.2,17.9
491,Adam Ottavino,493603,2.86,28.1,27.7
492,Glenn Otto,657248,5.31,42.1,25.4
493,Connor Overton,656818,1.82,24.2,28.7
495,Johan Oviedo,670912,3.24,16.2,20.6
496,Chris Owings,572008,9.00,1.0,0.0
497,Chris Paddack,663978,4.03,22.1,28.9
498,Emilio Pagan,641941,5.26,25.2,26.3
499,Andre Pallante,669467,2.10,55.2,23.6
500,Enoli Paredes,660600,9.00,1.0,20.0
501,Luis Patino,672715,13.50,0.2,55.6
502,Spencer Patton,607359,3.86,7.0,25.9
503,Joel Payamps,606303,2.42,26.0,25.6
504,Matt Peacock,676840,5.40,10.0,29.9
505,Elvis Peguero,665625,14.54,4.1,20.7
506,Ryan Pepiot,686752,3.18,11.1,37.2
507,Freddy Peralta,642547,4.42,38.2,31.4
508,Wandy Peralta,593974,2.20,28.2,26.6
509,Wily Peralta,503449,2.35,30.2,25.0
510,Luis Perdomo,606131,1.74,10.1,27.4
511,Cionel Pérez,672335,1.14,23.2,30.0
512,Francisco Perez,660906,7.27,8.2,19.4
513,Martin Perez,527048,2.22,93.1,28.1
514,Oliver Perez,424144,15.75,4.0,13.5
515,Dillon Peters,596071,3.86,25.2,24.5
516,David Peterson,656849,3.10,52.1,25.8
517,David Phelps,475479,3.23,30.2,24.0
518,Brett Phillips,621433,24.00,3.0,0.0
519,Evan Phillips,623465,1.80,30.0,35.6
521,Konnor Pilkington,663455,4.31,31.1,26.4
522,Chad Pinder,640461,27.00,1.0,0.0
523,Michael Pineda,501381,3.22,22.1,29.1
524,Nick Pivetta,601713,3.23,94.2,26.9
525,Kevin Plawecki,608700,0.00,1.0,0.0
526,Zach Plesac,668676,3.86,79.1,23.3
527,Colin Poche,621363,2.25,24.0,24.0
528,Zach Pop,647315,4.26,6.1,26.7
529,Sean Poppen,664092,2.91,21.2,27.1
530,Cody Poteet,547001,2.42,26.0,25.0
531,Ryan Pressly,519151,3.68,22.0,25.4
532,David Price,456034,3.20,19.2,32.4
533,Austin Pruitt,643493,5.14,14.0,23.1
534,Albert Pujols,405395,36.00,1.0,0.0
535,A. J. Puk,640462,2.53,32.0,25.0
536,Cal Quantrill,615698,3.72,84.2,24.7
537,Jose Quijada,650671,2.38,11.1,33.3
538,Jose Quintana,500779,3.43,76.0,27.4
539,Tanner Rainey,663432,2.88,25.0,24.7
540,Brooks Raley,548384,2.22,24.1,30.7
541,Erasmo Ramirez,541640,4.28,33.2,25.3
542,Noe Ramirez,598287,4.64,33.0,35.6
543,Yohan Ramirez,670990,6.97,10.1,33.0
544,Drew Rasmussen,656876,3.41,58.0,27.1
545,Robbie Ray,592662,3.78,97.2,24.2
547,Jake Reed,596082,16.62,4.1,27.8
548,Sean Reid-Foley,656887,5.40,10.0,25.0
549,Denyi Reyes,660593,2.35,7.2,21.6
550,Matt Reynolds,519186,6.75,1.1,0.0
551,Garrett Richards,572070,3.42,26.1,27.0
552,Trevor Richards,670950,6.59,28.2,20.7
553,Ethan Roberts,681799,8.22,7.2,20.8
554,David Robertson,502085,1.86,29.0,32.4
555,Hansel Robles,570663,4.70,23.0,29.0
556,Carlos Rodon,607074,2.62,86.0,30.0
557,Dereck Rodriguez,605446,6.75,4.0,25.5
558,Eduardo Rodriguez,593958,4.38,39.0,24.9
559,Elvin Rodriguez,660730,11.51,20.1,24.9
560,Joely Rodriguez,570257,4.76,22.2,38.9
561,Josh Rogers,642028,5.13,26.1,24.8
562,Taylor Rogers,573124,2.84,31.2,35.2
563,Trevor Rogers,669432,5.86,63.0,26.7
564,Tyler Rogers,643511,4.63,35.0,31.3
565,Jordan Romano,605447,2.89,28.0,25.8
566,Jhon Romero,664584,3.60,5.0,22.4
567,Tommy Romero,676720,9.82,3.2,24.0
568,Sergio Romo,489265,8.16,14.1,28.7
569,Angel Rondon,667373,0.00,5.0,17.0
570,Kenny Rosenberg,670046,4.22,10.2,23.9
571,Michael Rucker,621074,5.49,19.2,20.9
573,Jose Ruiz,614179,4.25,29.2,24.6
574,Joe Ryan,657746,3.20,59.0,27.6
575,Hyun Jin Ryu,547943,5.67,27.0,21.6
576,Adrian Sampson,592716,1.69,10.2,23.1
577,Aaron Sanchez,592717,8.33,31.1,26.1
578,Cristopher Sanchez,650911,4.60,15.2,28.3
579,Miguel Sanchez,667376,4.05,13.1,34.1
580,Phoenix Sanders,676637,1.80,10.0,25.0
581,Nick Sandlin,680704,2.89,18.2,23.7
582,Patrick Sandoval,663776,2.63,65.0,21.8
583,Cole Sands,663485,8.82,16.1,24.7
584,Reiver Sanmartin,665665,10.27,23.2,26.2
585,Dennis Santana,642701,1.53,29.1,22.8
586,Tony Santillan,663574,5.49,19.2,23.6
587,Gregory Santos,666619,0.00,1.2,27.3
588,Tayler Saucedo,642048,13.50,2.2,17.4
589,Hirokazu Sawamura,617228,2.84,25.1,21.5
590,Josh Sborz,622250,8.71,10.1,29.5
591,Max Scherzer,453286,2.54,49.2,28.1
592,Clarke Schmidt,657376,3.00,24.0,23.0
593,John Schreiber,670167,0.73,24.2,29.2
594,Max Schrock,621011,45.00,1.0,0.0
595,Frank Schwindel,643524,18.00,3.0,0.0
596,Tanner Scott,656945,4.34,29.0,25.6
597,Connor Seabold,657756,13.50,4.2,29.8
599,JP Sears,676664,0.00,12.2,28.4
600,Cody Sedlock,642060,15.00,3.0,19.4
601,Sam Selman,572125,4.50,8.0,29.7
602,Antonio Senzatela,622608,4.66,58.0,21.9
603,Anderson Severino,644429,6.14,7.1,31.4
604,Luis Severino,622663,3.35,78.0,25.9
605,Paul Sewald,623149,2.83,28.2,29.1
606,Bryan Shaw,543766,5.11,24.2,23.8
607,Justus Sheffield,656954,0.00,6.2,23.1
608,Chasen Shreve,592741,6.58,26.0,31.9
609,Chase Silseth,681217,5.23,20.2,30.9
610,Andrelton Simmons,592743,45.00,1.0,0.0
611,Lucas Sims,608371,9.45,6.2,20.0
612,Brady Singer,663903,4.33,54.0,29.1
613,Tarik Skubal,669373,3.75,84.0,27.2
614,Ethan Small,663629,6.75,2.2,30.6
615,Devin Smeltzer,656970,2.86,50.1,24.4
616,Caleb Smith,592761,5.11,37.0,24.4
617,Chad Smith,663385,18.90,3.1,22.2
618,Drew Smith,622098,2.48,32.2,26.4
619,Joe Smith,501925,2.78,22.2,23.1
620,Will Smith,519293,3.30,30.0,21.1
621,Drew Smyly,592767,3.80,42.2,24.5
622,Kirby Snead,669912,7.36,14.2,23.7
623,Blake Snell,605483,5.60,35.1,25.5
625,Collin Snider,676092,7.71,21.0,23.6
626,Nicklaus Snyder,676766,18.00,1.0,14.3
627,Jared Solomon,676660,12.27,7.1,21.9
628,Gregory Soto,642397,2.57,28.0,28.0
629,Bennett Sousa,656986,8.41,20.1,23.1
630,Gabe Speier,642100,2.33,19.1,21.7
631,Jeffrey Springs,605488,2.25,60.0,28.6
632,Locke St. John,657766,13.50,2.0,25.0
633,Craig Stammen,489334,3.18,28.1,28.4
634,Ryne Stanek,592773,0.69,26.0,26.4
635,Cody Stashak,664054,3.86,16.1,27.0
636,Josh Staumont,622251,3.81,26.0,26.5
637,Drew Steckenrider,608716,5.65,14.1,19.9
638,Justin Steele,657006,4.39,69.2,26.0
639,Trevor Stephan,663986,3.14,28.2,27.5
640,Jackson Stephens,623451,3.16,25.2,25.0
641,Robert Stephenson,596112,5.64,22.1,15.4
642,Eric Stout,657770,4.91,3.2,29.2
643,Matt Strahm,621381,3.80,23.2,30.2
644,Dee Strange-Gordon,543829,27.00,1.0,0.0
645,Stephen Strasburg,544931,13.50,4.2,28.6
646,Chris Stratton,608717,5.29,32.1,31.2
647,Hunter Strickland,519326,4.91,25.2,20.3
648,Spencer Strider,675911,3.02,53.2,27.2
649,Ross Stripling,548389,3.12,57.2,28.4
651,Marcus Stroman,573186,5.32,47.1,29.1
652,Peter Strzelecki,657265,4.00,9.0,33.7
653,Garrett Stubbs,596117,9.00,1.0,0.0
654,Jose Suarez,660761,4.36,33.0,26.5
655,Ranger Suarez,624133,4.33,79.0,25.3
656,Robert Suarez,663158,3.09,23.1,28.0
657,Beau Sulser,676641,4.26,12.2,29.5
658,Cole Sulser,642121,3.86,23.1,31.7
659,Brent Suter,608718,4.45,30.1,21.7
660,Erik Swanson,657024,0.89,20.1,31.8
661,Matt Swarmer,664161,5.59,29.0,19.4
662,Noah Syndergaard,592789,3.86,65.1,27.0
663,Thomas Szapucki,663378,60.75,1.1,14.3
664,Jameson Taillon,592791,3.32,84.0,24.8
665,Domingo Tapia,593619,14.73,3.2,17.9
666,Dillon Tate,622253,1.96,36.2,30.5
667,Blake Taylor,642130,3.94,16.0,20.4
668,Ryan Tepera,572193,3.69,31.2,26.7
669,Jackson Tetreault,676194,4.24,17.0,23.3
670,Caleb Thielbar,573204,5.46,28.0,29.6
671,Keegan Thompson,624522,3.34,67.1,28.5
672,Mason Thompson,666168,0.00,1.0,0.0
673,Ryan Thompson,657044,5.33,25.1,25.9
674,Zach Thompson,605507,4.47,54.1,26.1
675,Zack Thompson,668868,3.31,16.1,20.9
677,Tyler Thornburg,592804,3.32,19.0,19.9
678,Trent Thornton,663423,3.82,33.0,27.9
679,Jesus Tinoco,622786,4.76,5.2,15.0
680,Blake Treinen,595014,3.00,3.0,29.0
681,Lou Trivino,642152,7.17,21.1,25.7
682,Tanner Tully,668684,7.20,5.0,19.3
683,Kyle Tyler,667725,0.00,4.0,21.4
684,Edwin Uceta,670955,5.00,9.0,23.3
685,Duane Underwood,621249,4.24,17.0,26.7
686,Jose Urena,570632,3.52,7.2,27.8
687,Julio Urias,628711,2.64,81.2,28.1
688,Jose Urquidy,664353,4.36,74.1,23.3
689,Cesar Valdez,491624,9.00,1.0,0.0
690,Framber Valdez,664285,2.65,95.0,26.2
691,Phillips Valdez,570488,5.40,13.1,36.2
692,Josh VanMeter,642165,45.00,1.0,0.0
693,Andrew Vasquez,607755,8.10,6.2,37.5
694,Vince Velasquez,592826,4.47,44.1,25.8
695,Drew VerHagen,572403,5.85,20.0,22.2
696,Justin Verlander,434378,2.03,97.1,21.6
697,Alex Vesia,681911,3.28,24.2,30.9
698,Nick Vespi,663989,5.40,11.2,30.5
699,Will Vest,676684,3.71,26.2,34.5
700,Cam Vieaux,664944,2.25,4.0,19.4
701,Arodys Vizcaino,527055,6.35,5.2,11.8
703,Austin Voth,608723,7.34,30.2,25.6
704,Michael Wacha,608379,2.69,70.1,20.1
705,Adam Wainwright,425794,3.07,91.0,26.9
706,Taijuan Walker,592836,2.72,72.2,25.3
707,Jake Walsh,673904,13.50,2.2,22.5
708,Donovan Walton,622268,27.00,1.0,0.0
709,Andrew Wantz,681806,3.18,17.0,25.5
710,Art Warren,605521,6.59,27.1,24.7
711,Austin Warren,681810,3.97,11.1,23.4
712,Spenser Watkins,657093,5.14,35.0,24.4
713,Ryan Weathers,677960,9.82,3.2,17.8
714,Luke Weaver,596133,14.04,8.1,22.9
715,Logan Webb,657277,3.04,91.2,35.4
716,Ryan Weber,543901,2.45,3.2,22.2
717,Jordan Weems,607179,9.95,6.1,17.5
718,Alexander Wells,649144,4.91,3.2,35.7
719,Tyler Wells,669330,3.23,69.2,23.7
720,J. B. Wendelken,605525,4.45,28.1,23.1
721,Joey Wentz,666214,8.10,6.2,27.0
722,Zack Wheeler,554430,2.89,81.0,33.6
723,Mitch White,669952,3.93,34.1,22.6
724,Kodi Whitley,676831,5.68,12.2,23.1
725,Garrett Whitlock,676477,3.51,48.2,28.7
726,Rowan Wick,592858,5.23,31.0,27.2
727,Taylor Widener,642203,9.64,4.2,23.2
729,Devin Williams,642207,2.12,29.2,33.5
730,Trevor Williams,592866,3.64,42.0,29.0
731,Bryse Wilson,669060,8.29,33.2,22.1
732,Justin Wilson,458677,2.45,3.2,39.3
733,Steven Wilson,621051,3.62,27.1,27.7
734,Josh Winckowski,670174,3.60,20.0,28.5
735,Josh Winder,680739,3.06,35.1,19.7
736,Matt Wisler,605538,2.75,36.0,19.2
737,Nick Wittgren,621295,5.90,29.0,26.8
738,Alex Wood,622072,5.03,73.1,30.4
739,Jake Woodford,663765,3.05,20.2,23.4
740,Brandon Woodruff,605540,4.44,48.2,27.3
741,William Woods,682016,0.00,2.0,19.0
742,Kyle Wright,657140,3.03,92.0,25.4
743,Jimmy Yacabonis,642231,2.84,6.1,54.5
744,Miguel Yajure,664337,8.16,14.1,20.8
745,Ryan Yarbrough,642232,5.82,34.0,29.1
746,Huascar Ynoa,660623,13.50,6.2,19.2
747,Danny Young,277415,7.36,3.2,0.0
748,Aneurys Zabala,656008,0.00,0.2,0.0
749,Bruce Zimmermann,669145,5.94,66.2,18.9